headline,type
"Afraid of being dumped by residents, motorcycle thieves in Surabaya hide in the sewers",Theft
Recognition of Probolinggo Men who were beaten by 5 young men: Drunk perpetrators,Threat
There was no damage to the door of the sardder houses who were robbed in Malang,Theft
"Control the drug business from the detention center, Antonius is threatened",Drugs
Residivist & Ojol in Surabaya Combined on Drugs,Drugs
Drug dealers in Surabaya are raided in front of the bank ATM when they want to transactions,Drugs
"San Francisco security guard who fatally shot Banko Brown charged $1,500 in fines",Murder
"Threats of violence, self-harm, or abandonment can be emotionally abusive. Feeling controlled or unsafe around someone could be a sign.",Abuse
A partner or family member who tries to isolate you from friends and support systems could be emotionally abusive. Loss of social connections or a feeling of being trapped could be a sign.,Abuse
"Constant yelling, raging, or creating a hostile environment can be emotionally abusive. Feeling like you're constantly walking on eggshells could be a sign.",Abuse
Publicly belittling or shaming someone is emotional abuse. A victim may avoid social situations or feel worthless.,Abuse
"Manipulating someone into questioning their reality or sanity is emotional abuse. Feeling confused, self-doubting, or like you're ""crazy"" could be a sign.",Abuse
"Preventing a partner from working, controlling their finances, or racking up debt in their name is domestic abuse. Difficulty meeting financial obligations or lack of access to personal funds could be a sign.",Abuse
"Hitting, shoving, kicking, or any form of physical violence is domestic abuse. Unexplained injuries or a fear of one's partner could be signs.",Abuse
"Constant put-downs, insults, or threats can be emotionally abusive. A victim may walk on eggshells or feel like they can't do anything right.",Abuse
"A partner who monitors a person's movements, controls finances, or isolates them from friends and family might be abusive.",Abuse
Exploiting an elder's fear or manipulating them through threats or guilt could be psychological abuse. Unexplained changes in mood or behavior could be a sign.,Abuse
"An elder who is verbally attacked, isolated, or intimidated might be emotionally abused. They may become withdrawn, depressed, or fearful.",Abuse
"An elder not receiving proper food, medication, or hygiene assistance could be neglected. Dehydration, malnutrition, or unsanitary living conditions could be signs.",Abuse
"Bruises, unexplained injuries, or signs of restraint on an elder could be indicators of physical abuse.",Abuse
An elder pressured into signing over assets or becoming a victim of scams might be experiencing financial abuse. Unexplained financial activity in their accounts could be a sign.,Abuse
Children exposed to violence between parents can suffer emotional and psychological trauma. They may exhibit behavioral problems or anxiety.,Abuse
"A child constantly belittled, called names, or threatened might experience emotional abuse. They may have low self-esteem or anxiety.",Abuse
"A child who is consistently hungry, dirty, or lacks proper medical care could be neglected. They may have developmental delays or learning difficulties.",Abuse
A child who exhibits inappropriate sexual behavior or knowledge beyond their age might be a victim of sexual abuse. They may be withdrawn or have nightmares.,Abuse
A child with unexplained bruises or broken bones might be experiencing physical abuse. They may become withdrawn or aggressive.,Abuse
Addressing social issues like poverty and drug addiction that can contribute to robbery.,Theft
Public awareness campaigns educate people about protecting themselves from scams and identity theft.,Theft
Well-lit streets and parking lots can deter robbery attempts.,Theft
Communities work together to deter crime and report suspicious activity.,Theft
"Businesses invest in security systems, cameras, and trained security personnel.",Theft
"Fibers, hair, or other trace evidence can link a suspect to the crime.",Theft
Fingerprints left at the scene can identify the perpetrators.,Theft
"If shots were fired, ballistics analysis helps link the weapon to a crime scene.",Theft
Investigators analyze CCTV footage to identify suspects and track their movements.,Theft
Police talk to potential witnesses who may have seen the robbery.,Theft
A robbery escalates to violence or ends with the robbers getting caught.,Theft
A poorly planned and executed robbery attempt.,Theft
Someone driven by financial hardship commits a robbery.,Theft
Sophisticated criminal organizations plan and execute elaborate robberies.,Theft
"A thief takes advantage of a situation, like an unlocked car or a distracted victim.",Theft
A pharmacy is robbed for prescription drugs that can be sold illegally.,Theft
A museum or private collection is targeted for the theft of valuable artwork.,Theft
Criminals steal valuable goods being transported by truck or train.,Theft
Robbers target stores selling luxury items like watches or electronics.,Theft
A smash-and-grab robbery or a more elaborate plan targets a jewelry store.,Theft
Thieves steal personal information to make unauthorized purchases.,Theft
Hackers use stolen credentials to steal money electronically.,Theft
 A heavily armored vehicle transporting cash is targeted by robbers.,Theft
Thieves either break into an ATM or use sophisticated methods to steal cash.,Theft
A group of robbers overpowers bank employees and steals cash from the vault.,Theft
A robber threatens employees of a convenience store to steal cash and merchandise.,Theft
A robber threatens victims with a weapon to steal money or valuables.,Theft
A skilled thief lifts valuables from pockets in crowded areas.,Theft
A thief steals a purse or phone from an unsuspecting victim.,Theft
A pedestrian is threatened and robbed of their belongings on the street.,Theft
A cultural shift towards prioritizing safety measures to prevent accidents from happening in the first place.,Accidents
Industries with high accident rates face increased scrutiny and potential regulations.,Accidents
Support groups offer resources and comfort to families who lost loved ones in accidents.,Accidents
"Safety features in vehicles, homes, and workplaces are constantly improved.",Accidents
Campaigns aim to educate the public about safety measures to prevent accidents.,Accidents
Incidents may lead to stricter regulations to prevent similar accidents.,Accidents
Authorities investigate workplace accidents to identify safety violations.,Accidents
"If a faulty product caused the accident, a lawsuit against the manufacturer is possible.",Accidents
" If recklessness or negligence caused the accident, criminal charges may be pursued.",Accidents
Victims' families may file lawsuits against negligent parties for compensation.,Accidents
Physical evidence from the scene is examined for clues about the cause.,Accidents
Tests are conducted to identify if drugs or alcohol were a factor in an accident.,Accidents
Data recorders (black boxes) in vehicles or airplanes offer crucial insights.,Accidents
Police take statements from witnesses who may have seen the accident unfold.,Accidents
Investigators recreate the events leading up to the accident to pinpoint the cause.,Accidents
Contact with a live wire causes electrocution and death.,Accidents
A doctor's error during surgery leads to a patient's death.,Accidents
A structural issue or natural disaster causes a building to collapse.,Accidents
Mechanical failure or pilot error leads to a plane crash with fatalities.,Accidents
"Contaminated food at a restaurant makes customers sick, some fatally.",Accidents
Long-term exposure to harmful chemicals leads to health issues.,Accidents
A hazardous material spill causes injuries or respiratory problems.,Accidents
An electrician gets shocked while working on live wires.,Accidents
Machinery malfunction injures a factory worker.,Accidents
A worker falls from scaffolding or is struck by falling debris.,Accidents
A young child chokes on a small object.,Accidents
"A gun discharges unintentionally, causing injury or death.",Accidents
 A boat capsizes due to overloading or rough waters.,Accidents
An unsupervised child drowns in a swimming pool.,Accidents
A wet floor or uneven surface leads to a fall with serious injuries.,Accidents
A mechanical issue or human error causes a train to derail.,Accidents
A motorcyclist loses control and crashes.,Accidents
"A car collides with a cyclist, causing serious injury.",Accidents
A driver fails to yield and hits a pedestrian.,Accidents
"A car malfunction, like brake failure, leads to a crash.",Accidents
Speeding or aggressive driving results in a fatal accident.,Accidents
"A car skids on black ice, leading to a crash.",Accidents
A driver under the influence causes a deadly accident.,Accidents
A fatigued driver loses control and crashes.,Accidents
A driver texting while behind the wheel causes a collision.,Accidents
The victim's ability to change their appearance confounds the investigation.,Murder
An extremist environmentalist commits murder to protect the planet by their own twisted definition.,Murder
The investigation uncovers the victim's secret life working in espionage.,Murder
"The killer collects morbid keepsakes from their victims, leading detectives closer to them.",Murder
 A seemingly impossible message from the victim aids the investigation.,Murder
A twisted sense of justice compels the killer to take matters into their own hands.,Murder
The extravagant lifestyle of the victim becomes a target for those seeking fortune.,Murder
The killer's memory loss hinders their own defense and the investigation.,Murder
"The investigation takes a surprising turn when the ""victim"" reappears.",Murder
A seemingly random murder with no apparent motive challenges the detectives.,Murder
The seemingly universally loved victim leaves the investigators baffled about the motive.,Murder
A dying person commits murder with a twisted sense of finality.,Murder
"The victim taunts the detectives with cryptic riddles, challenging them to solve the case.",Murder
A seemingly insignificant detail the killer recalls becomes their undoing.,Murder
"The investigation struggles to identify the victim, hindering the pursuit of justice.",Murder
Efforts are made to create a respectful workplace culture that values diversity and inclusion.,Sexual Harrasment
Companies conduct regular reviews and audits to ensure a safe work environment.,Sexual Harrasment
Trainings teach employees how to intervene effectively when witnessing harassment.,Sexual Harrasment
Hotlines provide anonymous or confidential ways to report harassment.,Sexual Harrasment
Companies implement a zero-tolerance policy for sexual harassment.,Sexual Harrasment
Companies establish clear and accessible reporting procedures for harassment complaints.,Sexual Harrasment
Businesses implement mandatory training programs to educate employees about harassment.,Sexual Harrasment
Victims are offered support and confidentiality during the investigation.,Sexual Harrasment
 Investigators interview colleagues or witnesses who may have observed the harassment.,Sexual Harrasment
Human Resources investigates sexual harassment complaints to determine validity.,Sexual Harrasment
Addressing a sexual harassment case may prompt positive changes in workplace culture.,Sexual Harrasment
Businesses can suffer reputational damage due to accusations of harassment.,Sexual Harrasment
Companies may face lawsuits and financial settlements for failing to prevent harassment.,Sexual Harrasment
" In severe cases, legal action may be taken against the perpetrator.",Sexual Harrasment
" Perpetrators may face disciplinary action, including warnings, suspension, or termination.",Sexual Harrasment
Filing a formal complaint triggers a workplace investigation.,Sexual Harrasment
Victims may attempt to address the issue informally with limited success.,Sexual Harrasment
A workplace culture that tolerates or ignores harassment can embolden perpetrators.,Sexual Harrasment
 Some perpetrators exploit positions of authority to pressure victims for sexual favors.,Sexual Harrasment
 The perpetrator may not recognize their behavior as sexual harassment.,Sexual Harrasment
Some victims find strength by speaking up and holding perpetrators accountable.,Sexual Harrasment
Victims may feel afraid to report sexual harassment or unsure of where to turn for help.,Sexual Harrasment
Leaving a job due to harassment can cause financial hardship.,Sexual Harrasment
"Stress from harassment can manifest as headaches, stomachaches, and sleep problems.",Sexual Harrasment
Victims may withdraw from colleagues or friends due to shame or fear.,Sexual Harrasment
Sexual harassment can erode a victim's sense of self-worth and confidence.,Sexual Harrasment
Victims may feel pressured to leave their jobs or may miss out on opportunities due to harassment.,Sexual Harrasment
Victims may miss work due to fear or anxiety related to the harassment.,Sexual Harrasment
Victims may struggle to focus on work due to the emotional impact of harassment.,Sexual Harrasment
"Sexual harassment can cause anxiety, depression, and post-traumatic stress disorder (PTSD).",Sexual Harrasment
Victims face negative consequences for speaking up about harassment.,Sexual Harrasment
Being judged or pressured to conform to gender stereotypes based on sex.,Sexual Harrasment
Customers harass employees with unwanted advances or inappropriate comments.,Sexual Harrasment
An unwanted romantic pursuit from a coworker escalates into harassment.,Sexual Harrasment
Sexual harassment can occur between people of the same gender.,Sexual Harrasment
"Staring, leering, or suggestive gestures can be considered harassment.",Sexual Harrasment
"Sending unwanted sexual messages, pictures, or videos electronically.",Sexual Harrasment
"Derogatory jokes, offensive displays of pornography, or sexist behavior create a hostile atmosphere.",Sexual Harrasment
A supervisor demands sexual favors in exchange for job benefits or promotions.,Sexual Harrasment
"A colleague makes unwelcome sexual comments, invitations, or physical contact.",Sexual Harrasment
Forensic experts analyze bullet casings and projectiles to identify the weapon used in a shooting.,Shooting
A celebratory event involving gunfire leads to an unintended shooting.,Shooting
A special effects mishap on a film set leads to an accidental shooting.,Shooting
A historical reenactment using blank cartridges results in accidental injury.,Shooting
A stray bullet travels a long distance and causes an unintended injury.,Shooting
A training exercise with firearms results in an unintended discharge.,Shooting
A fictional scenario involving a firefight between soldiers.,Shooting
A shootout erupts between law enforcement and individuals attempting to cross a border illegally.,Shooting
A person takes their own life with a firearm.,Shooting
Poachers or hunters illegally shoot protected animals.,Shooting
Police shoot and injure or kill a suspect during an arrest or pursuit.,Shooting
"A police shooting involving a suspect or civilian, raising questions about use of force.",Shooting
"A controversial self-defense shooting based on ""stand your ground"" laws.",Shooting
"A carjacking escalates to violence, with the victim or perpetrator shot.",Shooting
A robbery attempt leads to a shooting during a confrontation.,Shooting
An abusive partner shoots their spouse or former partner.,Shooting
A shooting fueled by a desire for revenge against a specific person.,Shooting
A perpetrator attempts to eliminate a witness to a crime through a shooting.,Shooting
"A road rage incident escalates to gunfire, with potential injuries or fatalities.",Shooting
A hitman carries out a targeted shooting for hire.,Shooting
A rival gang targets a member of another gang in a drive-by shooting.,Shooting
An accidental discharge by a police officer during an operation results in injury.,Shooting
"A celebration involving fireworks goes wrong, leading to an accidental shooting.",Shooting
A shooting occurs at a shooting range due to a violation of safety protocols.,Shooting
Someone mishandles a firearm and accidentally shoots themself.,Shooting
"A prop gun on a movie set malfunctions, leading to an unintended shooting.",Shooting
"A firearm believed to be unloaded is accidentally fired during cleaning, causing injury.",Shooting
A child accesses an unlocked gun and accidentally shoots themselves or someone else.,Shooting
"A firearm accidentally discharges, causing injury or property damage.",Shooting
A hunter mistakenly shoots another person due to poor visibility or negligence.,Shooting
A stray bullet from a hunting accident results in an unintended injury or fatality.,Shooting
A person experiencing a mental health crisis commits a mass shooting.,Shooting
"Inspired by recent events, copycat mass shootings occur, raising concerns about media coverage.",Shooting
A terrorist organization carries out a mass shooting to spread fear and chaos.,Shooting
"A gang shootout spills over into a populated area, injuring innocent bystanders.",Shooting
"A domestic dispute escalates to a shooting, resulting in multiple fatalities.",Shooting
"A gunman opens fire indiscriminately in a public space, like a shopping mall or park.",Shooting
A house of worship becomes the target of a mass shooting motivated by hate or ideology.,Shooting
"A gunman opens fire at a crowded concert venue, causing mass casualties.",Shooting
A disgruntled employee targets their colleagues in a mass shooting at their workplace.,Shooting
"A student opens fire at their school, killing or injuring classmates and faculty.",Shooting
Authorities implement measures to increase transparency and accountability in response to protests.,Demonstrate
Law enforcement undergoes training to improve crowd control techniques and de-escalation tactics.,Demonstrate
Leaders from different groups come together to discuss and address issues raised by the protests.,Demonstrate
"After a protest, authorities address the underlying issues that sparked the demonstrations.",Demonstrate
Businesses and individuals file lawsuits against the government for damage caused during a riot.,Demonstrate
Protesters file lawsuits alleging police brutality or violation of their right to free assembly.,Demonstrate
Police actions during a protest are investigated for potential excessive force.,Demonstrate
"Rioters face criminal charges for property damage, assault, or other offenses.",Demonstrate
Police use video footage and social media to identify individuals involved in criminal activity during a riot.,Demonstrate
Riots can have lasting negative impacts on a community's economy and social fabric.,Demonstrate
"After a riot, communities come together to clean up and rebuild damaged areas.",Demonstrate
Businesses and homeowners file insurance claims for damage caused during a riot.,Demonstrate
Criminals take advantage of the chaos of a riot to commit robberies or thefts.,Demonstrate
"In extreme situations, martial law is declared, granting authorities more control.",Demonstrate
Rioting can lead to serious injuries and even fatalities.,Demonstrate
"The sheer number of rioters overwhelms police forces, leading to chaos.",Demonstrate
Protesters overturn and damage police cars or vehicles seen as symbols of oppression.,Demonstrate
"Rioters set fire to buildings, causing significant damage and potential danger to lives.",Demonstrate
A seemingly peaceful gathering erupts into looting and vandalism of storefronts.,Demonstrate
"After days of protest, authorities and protesters come to an agreement.",Demonstrate
Innocent bystanders get caught in the middle of a violent clash.,Demonstrate
False information spread online fuels tensions and divides during a protest.,Demonstrate
Authorities impose curfews to limit movement and prevent further unrest.,Demonstrate
"Outside agitators infiltrate a peaceful protest, attempting to turn it violent.",Demonstrate
Protesters are arrested for disorderly conduct or blocking public access.,Demonstrate
Police use tear gas to disperse a crowd that becomes unruly.,Demonstrate
Tension between protesters and police leads to physical confrontations and injuries.,Demonstrate
"Some protesters vandalize property during a demonstration, leading to arrests.",Demonstrate
"Protesters block a major intersection to draw attention to their cause, disrupting traffic.",Demonstrate
Activists refuse food to raise awareness about a critical issue.,Demonstrate
A colorful parade celebrates diversity and LGBTQ+ rights.,Demonstrate
A large-scale march advocates for gender equality and women's empowerment.,Demonstrate
People with disabilities demonstrate for accessibility and equal opportunities.,Demonstrate
A group holds a silent candlelit vigil to honor victims of a tragedy.,Demonstrate
Students protest gun violence or educational policies by leaving school grounds peacefully.,Demonstrate
People demonstrate against a government's decision to go to war.,Demonstrate
A large crowd marches for racial equality and police reform.,Demonstrate
Activists gather to demand stricter environmental regulations and protection of endangered areas.,Demonstrate
Factory workers walk out and peacefully protest for better wages and working conditions.,Demonstrate
"Former members of a cult come forward, exposing years of physical and psychological abuse.",Abuse
Police investigate a case of elder bullying by a group of teenagers.,Abuse
Authorities rescue victims of human trafficking forced into labor or sexual exploitation.,Abuse
A student fraternity is suspended after a hazing incident results in serious injuries.,Abuse
"Hidden cameras capture evidence of prison guards abusing inmates, leading to reform efforts.",Abuse
"A company investigates employee complaints of sexual harassment, leading to disciplinary action.",Abuse
"An employee bravely reports experiencing bullying and harassment at work, leading to an investigation.",Abuse
A caregiver hired to assist an elder is arrested for physical abuse.,Abuse
"Authorities offer support services to an elderly person struggling to care for themself, preventing neglect.",Abuse
"Social services reach out to an isolated elderly person, offering support and uncovering potential abuse.",Abuse
"A neighbor reports concerns about an isolated elder, leading to the discovery of abuse by a caregiver.",Abuse
Authorities shut down a website targeting elderly people with deceptive tactics.,Abuse
"A medical professional reports an elderly patient with untreated health problems, leading to investigation.",Abuse
Authorities investigate a family pressuring an elder to move into a facility against their will.,Abuse
"A pharmacist reports discrepancies in an elderly client's medication, uncovering potential abuse.",Abuse
"A concerned grandchild notices injuries on their grandparent, leading to investigation of physical abuse.",Abuse
"A bank flags suspicious activity on an elderly customer's account, leading to the discovery of financial abuse.",Abuse
A surprise inspection of a children's care facility reveals instances of neglect and abuse.,Abuse
A social worker investigates suspected prenatal alcohol exposure leading to child neglect.,Abuse
An undercover operation dismantles a human trafficking ring exploiting children.,Abuse
Police create a fake online profile to expose and apprehend a cyberbully targeting a child.,Abuse
Medical records and observations reveal a parent fabricating their child's illnesses.,Abuse
A sibling bravely speaks up about witnessing abuse inflicted on another child in the family.,Abuse
Social services investigate a home after reports of children left unsupervised and lacking basic necessities.,Abuse
"Police uncover child sexual abuse material on a suspect's device, leading to a raid and rescue.",Abuse
A teacher notices behavioral changes in a student and reports suspected emotional abuse at home.,Abuse
"A medical professional reports suspicious injuries on a child, triggering a child abuse investigation.",Abuse
"A hidden camera catches a nanny abusing a child, leading to an arrest.",Abuse
"A sting operation targets an employer exploiting undocumented workers, including domestic abuse.",Abuse
Police investigate a domestic violence incident arising from a dowry disagreement.,Abuse
Law enforcement works with social services to address domestic violence within a cultural context.,Abuse
"A concerned caregiver reports suspected elder abuse, leading to the arrest of a family member.",Abuse
Monitoring software reveals a controlling partner has been spying on their spouse's online activity.,Abuse
"Discreet recordings capture a spouse's manipulative behavior, exposing gaslighting tactics used for control.",Abuse
Bank statements reveal a controlling spouse has been draining their partner's accounts.,Abuse
"A child finally speaks up about years of emotional abuse by a parent, leading to an investigation.",Abuse
"Neighbors report concerns about a couple's frequent arguments, leading to the discovery of domestic violence.",Abuse
"A kidnapping remains a baffling mystery, with no apparent motive or trace of the victim.",Kidnapping
A fictional scenario explores the possibility of an extraterrestrial abduction.,Kidnapping
A dark web auction features kidnapped victims for nefarious purposes.,Kidnapping
 Someone hires a kidnapper to abduct another person they dislike.,Kidnapping
A witness to a crime is kidnapped before they can testify.,Kidnapping
Powerful figures try to conceal a kidnapping to protect their reputation.,Kidnapping
A conspiracy theory emerges surrounding a high-profile kidnapping.,Kidnapping
"A group of people are abducted for an unknown purpose, leading to mass panic.",Kidnapping
Someone stages their own kidnapping to gain attention or escape a difficult situation.,Kidnapping
Scammers use technology to make it appear as if a loved one has been kidnapped.,Kidnapping
A kidnapped victim develops a psychological bond with their captor.,Kidnapping
Someone is mistakenly kidnapped due to mistaken identity. 30.,Kidnapping
A desperate person is kidnapped for their organs in a horrific black market scheme.,Kidnapping
A young woman is kidnapped and forced into marriage against her will.,Kidnapping
Someone is kidnapped to pressure them into revealing damaging information.,Kidnapping
A vulnerable person is kidnapped and indoctrinated into a dangerous cult.,Kidnapping
A hitman kidnaps a target on behalf of a mysterious client.,Kidnapping
A soldier is kidnapped by the enemy during wartime.,Kidnapping
A political dissident is kidnapped by a repressive regime.,Kidnapping
Someone is kidnapped to prevent them from testifying against a criminal.,Kidnapping
A child who was abducted years ago is miraculously found alive.,Kidnapping
"An abducted child forgets their identity, making it difficult to find them.",Kidnapping
A child left unattended for a moment is abducted in a crowded space.,Kidnapping
"A child disappears from school grounds, raising alarms.",Kidnapping
A child is abducted by their seemingly trustworthy babysitter.,Kidnapping
A child is abducted and forced into the horrors of human trafficking.,Kidnapping
A runaway child is abducted by someone posing as a helper.,Kidnapping
A custodial dispute leads to a parent kidnapping their own child.,Kidnapping
A child is abducted by a pedophile with sinister intentions.,Kidnapping
A child is snatched from a playground by a stranger.,Kidnapping
Inexperienced kidnappers make critical mistakes that jeopardize their plan.,Kidnapping
Someone stages a kidnapping to collect a large insurance payout.,Kidnapping
A jealous sibling orchestrates a kidnapping to gain their parents' attention.,Kidnapping
An abduction fueled by a desire for revenge against the victim or their family.,Kidnapping
A debtor kidnaps someone they believe has the means to pay off their debt.,Kidnapping
"Kidnappers mistakenly abduct the wrong person, leading to a chaotic situation.",Kidnapping
A famous singer is kidnapped to create a media frenzy and extort money.,Kidnapping
A CEO is kidnapped to pressure a company into making business decisions.,Kidnapping
A desperate parent stages their child's kidnapping for a financial payout.,Kidnapping
A wealthy family's child is kidnapped for a hefty ransom.,Kidnapping
Law enforcement officials are compromised by bribes from drug traffickers.,Drugs
Drug cartels use complex schemes to launder money from their illegal activities.,Drugs
Someone experiences a psychotic episode while under the influence of drugs.,Drugs
A smuggling ring attempts to transport illegal drugs across borders.,Drugs
"A doctor's prescription pad is stolen, leading to the illegal distribution of drugs.",Drugs
A person under the influence of drugs commits a violent assault.,Drugs
Someone commits a crime to fund their drug habit.,Drugs
"Rival drug gangs clash over territory, leading to a shooting.",Drugs
"A loved one dies from a drug overdose, leaving a family devastated.",Drugs
Police raid a drug den and arrest a group of dealers.,Drugs
A recovering addict overcomes their prescription drug dependence and rebuilds their life.,Drugs
Someone seeks help for their prescription drug addiction at a rehab facility.,Drugs
A friend or family member unknowingly enables someone's prescription drug abuse.,Drugs
Someone feigns an injury to obtain a prescription for pain medication.,Drugs
A doctor faces pressure to prescribe pain medication even when unnecessary.,Drugs
Someone forges prescriptions to obtain addictive drugs.,Drugs
Mixing prescription drugs with alcohol leads to a deadly overdose.,Drugs
A teenager steals prescription drugs from a family member's medicine cabinet.,Drugs
Someone seeks prescriptions for addictive drugs from multiple doctors.,Drugs
 A chronic pain patient becomes dependent on opioid painkillers.,Drugs
A police officer goes undercover to infiltrate a drug trafficking ring.,Drugs
A violent drug cartel war disrupts a peaceful town.,Drugs
An athlete is caught using performance-enhancing steroids and faces a career ban.,Drugs
"A group of friends experiment with synthetic marijuana, leading to health problems.",Drugs
Teenagers at a rave encounter a dangerous ecstasy dealer.,Drugs
Someone becomes addicted to prescription pain medication after a surgery.,Drugs
A community struggles with a growing meth addiction problem.,Drugs
A wealthy businessman uses cocaine and his influence to avoid consequences.,Drugs
A deadly dose of fentanyl disguised as another drug leads to a tragic overdose.,Drugs
"A popular student secretly battles heroin addiction, leading to a downward spiral.",Drugs
Companies misrepresent the ingredients or origin of food products.,Fraud
A company hides or downplays the environmental impact of their operations.,Fraud
An athlete uses performance-enhancing drugs to gain an unfair advantage.,Fraud
A student plagiarizes work or cheats on exams.,Fraud
Someone collects government benefits they are not entitled to.,Fraud
Someone applies for and receives government grants based on false information or uses the funds for unauthorized purposes.,Fraud
Officials are paid bribes to influence decisions or overlook wrongdoings.,Fraud
A company employee creates fake employees on the payroll to steal money.,Fraud
A defense contractor overcharges the government for military equipment or services.,Fraud
Fraudsters create and sell complex financial products that are difficult to understand and often worthless.,Fraud
Fake or overpriced artwork is sold to unsuspecting buyers in the art market.,Fraud
"Fraudulent schemes involve overpriced properties, fake titles, or bait-and-switch tactics.",Fraud
A fraudulent cryptocurrency scheme promises high returns but turns out to be worthless.,Fraud
Someone offers financial advice without proper licensing or qualifications.,Fraud
A hedge fund manager misrepresents the investment strategy or skims fees from investors.,Fraud
 A variation of the Ponzi scheme targeting investments.,Fraud
A scammer convinces people to invest in foreign exchange markets with unrealistic promises of high returns.,Fraud
Insider trading or other schemes are used to artificially influence stock prices.,Fraud
Fraudsters artificially inflate the price of a stock through positive publicity and then sell their shares before the price plummets.,Fraud
An MLM scheme promises high earnings but relies on recruitment rather than product sales for profits.,Fraud
Positive reviews for a product or service are fabricated to deceive consumers.,Fraud
A product is advertised with false claims or misleading information.,Fraud
A dishonest contractor overcharges for repairs or does shoddy work.,Fraud
 Someone is pressured into buying a timeshare they later regret.,Fraud
A car dealership misrepresents the condition of a vehicle or hides fees in the final sales price.,Fraud
An aggressive salesperson uses high-pressure tactics to sell overpriced or useless products.,Fraud
A scammer impersonates a legitimate charity to solicit donations.,Fraud
Someone pays for an item online but never receives it.,Fraud
A business advertises a low price to attract customers but then tries to pressure them into buying a more expensive product.,Fraud
A criminal steals someone's personal information to open new accounts or make purchases.,Fraud
A company manipulates its financial statements to make itself appear more profitable than it is.,Fraud
A person hides assets or provides false information to avoid paying their debts.,Fraud
Someone underreports their income or uses false deductions to cheat on their taxes.,Fraud
A borrower falsifies information on a loan application to qualify for a mortgage they cannot afford.,Fraud
Someone stages an accident or makes false claims to collect insurance money.,Fraud
"People are recruited into a scheme that promises financial rewards for recruiting others, but the real money flows to those at the top.",Fraud
Someone receives a check that appears legitimate but bounces when cashed.,Fraud
Stolen credit card information is used to make fraudulent purchases online.,Fraud
"A charismatic leader convinces investors to put money into a fake investment scheme, using new funds to pay out early investors while enriching themselves.",Fraud
The development of nuclear weapons by unstable nations poses an indirect threat to global security.,Threat
A malfunctioning bridge or dam poses an indirect threat to people's safety.,Threat
The spread of a contagious disease poses an indirect threat to public health.,Threat
Data breaches can indirectly threaten a person's identity and financial security.,Threat
A job layoff or financial hardship can indirectly threaten a person's stability and security.,Threat
Climate change and pollution pose a long-term indirect threat to human life and well-being.,Threat
Online harassment can indirectly threaten a person's emotional well-being and social life.,Threat
A person uses social media to spread threats or incite violence.,Threat
Someone threatens to spread false information that could damage another person's reputation.,Threat
Someone threatens to reveal damaging information unless demands are met.,Threat
A group threatens to destroy buildings or infrastructure.,Threat
"A business receives a bomb threat, potentially damaging property.",Threat
"A person threatens to tamper with a product, causing harm to consumers.",Threat
A bank threatens to foreclose on a homeowner's property.,Threat
A landlord threatens to evict a tenant who hasn't paid rent.,Threat
A dangerous animal is loose and poses a threat to people or property.,Threat
Hackers threaten to disrupt computer systems or steal data.,Threat
Polluters threaten to continue harmful practices that endanger the environment.,Threat
Someone threatens to damage property if their demands aren't met.,Threat
A person threatens to burn down a building.,Threat
A person takes hostages and threatens to harm them unless demands are met.,Threat
Inmates in a prison stage a riot and threaten guards and other inmates.,Threat
An aggressive driver follows another motorist and threatens them with their car.,Threat
A disgruntled employee threatens coworkers or supervisors with violence.,Threat
An abusive partner throws objects or physically threatens their spouse or children.,Threat
"Rival gangs threaten each other with violence, leading to potential shootings.",Threat
"A person is repeatedly followed and harassed, creating a sense of fear.",Threat
Intruders break into a home and threaten the occupants with violence.,Threat
A person is accosted on the street and threatened with violence to steal their belongings.,Threat
"A fight erupts at a bar, and someone threatens another person with a weapon.",Threat
A robber threatens violence to force compliance during a robbery.,Threat
"A school or business receives a bomb threat, causing evacuation and panic.",Threat
 A group threatens violence against a specific target or the general public.,Threat
An aggressive debt collector uses threatening language to collect a debt.,Threat
A person is threatened with violence or exposure of a secret unless they pay money.,Threat
New gang members are threatened to prove their loyalty.,Threat
An employee is threatened with violence or job loss if they don't comply with demands.,Threat
An abusive partner threatens their spouse or children with harm.,Threat
A teenager is relentlessly harassed and threatened online.,Threat
An aggressive driver threatens another motorist with violence.,Threat
An employee at a lost and found department pockets valuable items.,Theft
A crazed fan steals something personal from a celebrity.,Theft
A rare book or manuscript is stolen from a library or collector.,Theft
A hacker steals sensitive information from a computer network.,Theft
An ATM card is skimmed or stolen to access a bank account.,Theft
A purse or backpack is snatched from someone distracted at a park. 4,Theft
A motorcycle is stolen for parts or resale.,Theft
A thief steals a bicycle while it's parked on the street.,Theft
A car is stolen for joyriding or to be sold on the black market.,Theft
A thief steals a car while the owner is still inside.,Theft
Employees steal food or drinks from their workplace.,Theft
"Guests steal towels, robes, or other amenities from a hotel room.",Theft
An employee with access to a secure location facilitates a theft.,Theft
A group of robbers plan and execute a daring bank heist.,Theft
A valuable piece of art is stolen from a museum.,Theft
Cargo is stolen during transport by truck or ship.,Theft
Shoplifting on a large scale by organized groups targeting specific items.,Theft
Hackers steal financial data from a company.,Theft
A robber threatens employees with a weapon and demands cash from a store.,Theft
An employee steals money from their employer over a period of time.,Theft
A thief steals personal information to open fraudulent accounts.,Theft
A friend or family member “borrows” something and never returns it.,Theft
An acquaintance of the homeowner tips off a thief about valuables inside.,Theft
A homeowner fakes a break-in to collect insurance money.,Theft
"A storage unit is broken into, and belongings are stolen.",Theft
Tools or equipment are stolen from a garage.,Theft
A thief targets unlocked homes during the day while residents are away.,Theft
Thieves steal appliances or furniture from a rental property before moving out.,Theft
A group of teenagers target wealthy neighborhoods for nighttime break-ins.,Theft
A thief breaks into a house through a window and steals valuables.,Theft
Office supplies like pens and paper go missing from a workplace.,Theft
A customer steals food from a restaurant.,Theft
Money is stolen from a vending machine.,Theft
Beachgoers return to find their belongings stolen.,Theft
Valuables are stolen from lockers at a gym or school.,Theft
Books or movies are stolen from a library.,Theft
A driver pumps gas and leaves without paying.,Theft
A delivery package is stolen from a porch.,Theft
A skilled pickpocket lifts a wallet from a crowded bus.,Theft
A teenager steals clothes from a department store.,Theft
A player suffers a serious injury during a sporting event.,Accidents
A child falls on the playground equipment and is injured.,Accidents
A swimmer gets caught in a rip current and drowns.,Accidents
 A cyclist crashes and suffers road rash.,Accidents
"A tent collapses during a storm, injuring campers.",Accidents
A hiker gets lost in the wilderness and suffers exposure.,Accidents
A malfunction on a ride at an amusement park injures passengers.,Accidents
A rider is thrown from a horse and sustains injuries.,Accidents
"A boat capsizes on a lake, leaving people stranded in the water.",Accidents
A skier falls on the slopes and suffers a broken bone.,Accidents
"A faulty furnace leaks carbon monoxide, causing illness within the home.",Accidents
 A family gets food poisoning from eating contaminated food.,Accidents
A child chokes on a small object.,Accidents
A pet dog attacks and injures someone.,Accidents
Someone receives an electrical shock from a faulty appliance.,Accidents
A gas leak in a home leads to an explosion and injuries.,Accidents
A child drowns in a backyard pool accident.,Accidents
A house fire displaces a family and destroys their belongings.,Accidents
A child accidentally ingests a poisonous substance.,Accidents
An elderly person falls at home and suffers a hip fracture.,Accidents
" A fire breaks out at a workplace, causing injuries and property damage.",Accidents
A farmer is injured by farm equipment.,Accidents
"A worker is exposed to harmful toxins in their workplace, leading to long-term health problems.",Accidents
"A disgruntled employee attacks a coworker, resulting in injuries.",Accidents
An office worker develops a repetitive strain injury due to poor ergonomics.,Accidents
"A worker slips and falls on a wet floor, sustaining serious injuries.",Accidents
An electrician is electrocuted while working on live wires.,Accidents
A chemical spill at a manufacturing plant leads to worker injuries.,Accidents
A malfunctioning machine injures a factory worker.,Accidents
A worker falls from scaffolding at a construction site.,Accidents
"A school bus is involved in a collision with another vehicle, injuring students.",Accidents
A pedestrian is struck by a car while crossing the street.,Accidents
A motorcyclist loses control on a curve and crashes.,Accidents
A cyclist is struck by a car that fails to yield the right of way.,Accidents
" A car suffers a mechanical failure, causing the driver to lose control and crash.",Accidents
A driver loses control on a slick road during a snowstorm.,Accidents
" A fatigued driver falls asleep at the wheel, resulting in an accident.",Accidents
A driver exceeding the speed limit loses control and crashes.,Accidents
A driver texting while behind the wheel causes a multi-car pileup.,Accidents
Two cars traveling in opposite directions collide head-on due to a drunk driver.,Accidents
A violent act within a prison leads to a revenge killing between inmates.,Murder
 Someone who exposes wrongdoing is silenced with a deadly act of revenge.,Murder
"Relentless cyberbullying drives a victim to suicide, and the perpetrator is later murdered by someone close to the victim.",Murder
 A murderer eliminates a witness who could identify them.,Murder
A gang-related murder sparks a cycle of revenge killings that plagues the community.,Murder
"A family member takes matters into their own hands, enacting revenge for a past wrong.",Murder
An art collector murders a rival collector to acquire a priceless piece.,Murder
 A gang eliminates someone who threatens their illegal operations.,Murder
An employee with access to company secrets is murdered to prevent them from exposing a financial crime.,Murder
"A seemingly perfect financial scheme unravels, leading to a desperate murder to maintain the facade.",Murder
 An embezzler kills their employer to cover their tracks and escape with the stolen money.,Murder
A murderer targets elderly homeowners to obtain their property.,Murder
A family member murders another to secure a larger share of the inheritance.,Murder
A hitman is hired to eliminate someone for a hefty fee.,Murder
A staged burglary turns deadly when the perpetrator eliminates a witness to their crime.,Murder
A wealthy beneficiary murders the insured person to collect a life insurance payout.,Murder
" A murderer targets people in love relationships, motivated by the thrill of destroying their happiness.",Murder
Jealousy and possessiveness within a polyamorous relationship lead to murder.,Murder
"An intense, obsessive infatuation develops into a deadly fixation.",Murder
A manipulative person seduces someone's partner and eliminates the original spouse to be with them.,Murder
A seemingly innocent third party in a love triangle orchestrates the murder of one of the lovers to have the other for themselves.,Murder
 Two same-sex lovers are murdered in a hate crime due to their relationship.,Murder
A jilted lover seeks revenge by killing their ex and their new partner.,Murder
Two star-crossed lovers from rival families are killed by their families to preserve honor.,Murder
A love affair gone wrong leads to murder when one partner threatens to reveal a compromising secret.,Murder
A rejected lover becomes fixated and eliminates the object of their affection in a jealous rage.,Murder
 A child raised in a violent household witnesses a murder and grows up to become a killer themselves.,Murder
A disabled or elderly person is murdered by a caretaker who exploits their trust.,Murder
A caregiver murders an elderly person for their inheritance.,Murder
A family member murders a woman deemed to have brought dishonor to the family.,Murder
"In a culture with dowries, a husband kills his wife over a perceived insufficient dowry payment.",Murder
A spouse trying to leave an abusive relationship is murdered by their partner to prevent them from escaping.,Murder
"A parent, fearing for their child's safety, kills their abusive partner.",Murder
"A controlling spouse meticulously plans their partner's demise, staging it as an accident.",Murder
"A heated argument between lovers escalates to violence, resulting in a deadly act of rage.",Murder
"Years of abuse culminate when a spouse snaps, killing their partner in a murder-suicide.",Murder
"A series of seemingly unconnected murders baffle police until a pattern emerges, revealing a calculating killer.",Murder
An innocent bystander is caught in the crossfire during a robbery gone wrong.,Murder
A gang-related murder sparks a cycle of revenge killings that plagues the community.,Murder
"A family member takes matters into their own hands, enacting revenge for a past wrong.",Murder
A staged burglary turns deadly when the perpetrator eliminates a witness to their crime.,Murder
A wealthy beneficiary murders the insured person to collect a life insurance payout.,Murder
A love affair gone wrong leads to murder when one partner threatens to reveal a compromising secret.,Murder
A rejected lover becomes fixated and eliminates the object of their affection in a jealous rage.,Murder
"A heated argument between spouses escalates to violence, resulting in a deadly act of rage.",Murder
A long history of abuse ends tragically when a spouse kills their partner in a murder-suicide attempt.,Murder
A roommate creates a hostile living environment with unwanted touching and suggestive behavior.,Sexual Harrasment
A babysitter is harassed by a parent who makes unwanted advances.,Sexual Harrasment
"A therapist crosses boundaries with a client, making sexual advances or comments.",Sexual Harrasment
A personal trainer makes inappropriate comments and touches during a workout session.,Sexual Harrasment
A patient is sexually harassed by a medical professional during a physical exam.,Sexual Harrasment
A person using a public restroom is harassed or stalked by another user in the bathroom.,Sexual Harrasment
A person is catcalled or subjected to unwanted comments based on their appearance while walking down the street,Sexual Harrasment
A customer is harassed by a store employee who makes suggestive remarks and follows them around the store.,Sexual Harrasment
A person using public transportation is groped or subjected to lewd comments by another passenger.,Sexual Harrasment
A woman walking alone at night is followed and harassed by a group of men.,Sexual Harrasment
A virtual reality user reports being groped and harassed by another player in a virtual world.,Sexual Harrasment
A dating app user experiences unwanted sexual advances and lewd messages.,Sexual Harrasment
A teenager is cyberstalked by a stranger who makes graphic sexual comments online.,Sexual Harrasment
A social media influencer receives unsolicited nude photos and messages from followers.,Sexual Harrasment
A gamer is harassed and threatened with sexual violence during an online game.,Sexual Harrasment
A reality TV contestant is harassed and bullied by other houseguests with unwanted advances and physical contact,Sexual Harrasment
A religious leader is accused of sexual misconduct with members of their congregation.,Sexual Harrasment
A female athlete is pressured by her coach to wear revealing clothing during competitions.,Sexual Harrasment
"A male celebrity is falsely accused of sexual assault, damaging his reputation.",Sexual Harrasment
A female politician receives threatening messages and online harassment after proposing legislation seen as anti-male.,Sexual Harrasment
A teacher's aide is subjected to unwanted touching and advances from a special needs student's parent.,Sexual Harrasment
A group of students create a hostile environment for a transgender classmate with lewd comments and bathroom harassment.,Sexual Harrasment
A student athlete is harassed and groped by their coach during training sessions,Sexual Harrasment
A college professor pressures a student for sexual favors in exchange for a passing grade,Sexual Harrasment
A high school student is cyberbullied with sexually suggestive messages from a classmate,Sexual Harrasment
A same-sex couple faces unwelcome advances from a coworker who doesn't understand their boundaries,Sexual Harrasment
A nurse is harassed by a doctor who touches her inappropriately during examinations,Sexual Harrasment
A teacher makes suggestive comments and gives preferential treatment to students who flirt back,Sexual Harrasment
A retail employee is pressured for sexual favors in exchange for better shifts,Sexual Harrasment
A construction worker endures unwanted physical contact from a foreman,Sexual Harrasment
A waitress is propositioned by a customer who refuses to leave after being denied service,Sexual Harrasment
"A group of male coworkers constantly make lewd jokes and pinups are displayed in a common area, creating a hostile work environment",Sexual Harrasment
A manager withholds a promotion from a female employee unless she agrees to go on a date,Sexual Harrasment
A delivery driver faces groping and suggestive remarks from a customer,Sexual Harrasment
A female intern is subjected to unwanted sexual comments and advances from a senior male colleague.,Sexual Harrasment
